Entropy,ATT_Tech_pca1,ATT_Tech_pca2,ATT_Tech_pca3,ATT_Tech_pca4,ATT_Tech_pca5,ATT_Tech_pca6,ATT_Tactic_pca1,ATT_Tactic_pca2,MBC_obj_pca1,MBC_obj_pca2,MBC_behave_pca1,MBC_behave_pca2,MBC_behave_pca3,MBC_behave_pca4,MBC_behave_pca5,MBC_behave_pca6,MBC_behave_pca7,namespace_persistence,namespace_linking,namespace_compiler,namespace_targeting,namespace_executable,namespace_collection,namespace_communication,namespace_load-code,namespace_anti-analysis,namespace_data-manipulation,namespace_internal,capability_pca1,capability_pca2,capability_pca3,capability_pca4,capability_pca5,capability_pca6,capability_pca7,capability_pca8
6.741799939773436,0.22419525377654526,-0.717696841089397,-0.41451003914458395,-0.5705824741557075,-0.10820150021475303,0.2267058144462646,0.4491842396923391,0.007784845130649559,1.2592645552859927,0.30082026263861567,0.9570068898780004,-0.22355975842411513,1.6832883723178016,0.061238606364491494,-0.1994473418570435,-0.45430346029001556,-0.1474920727259795,0,0,0,0,1,1,0,1,0,9,0,496.6001575682639,-30.04419196463078,-19.773656388671544,-6.189957634428523,0.6910670200772958,12.620390237491414,-3.079700767640223,3.7928860669857976
