Entropy,ATT_Tech_pca1,ATT_Tech_pca2,ATT_Tech_pca3,ATT_Tech_pca4,ATT_Tech_pca5,ATT_Tech_pca6,ATT_Tactic_pca1,ATT_Tactic_pca2,MBC_obj_pca1,MBC_obj_pca2,MBC_behave_pca1,MBC_behave_pca2,MBC_behave_pca3,MBC_behave_pca4,MBC_behave_pca5,MBC_behave_pca6,MBC_behave_pca7,namespace_persistence,namespace_linking,namespace_compiler,namespace_targeting,namespace_executable,namespace_collection,namespace_communication,namespace_load-code,namespace_anti-analysis,namespace_data-manipulation,namespace_internal,capability_pca1,capability_pca2,capability_pca3,capability_pca4,capability_pca5,capability_pca6,capability_pca7,capability_pca8
6.945412668943219,1.4111039769733633,0.027680328651730424,0.044090300274715694,-0.7441272607364937,0.433827205948765,0.8394590284576546,1.0412858842939248,-0.07460718421421247,1.6211480045351268,0.27728285357737825,2.2464305189268794,-0.5046159460736255,1.4993131022531618,0.5512807540323859,0.9533261173452714,-0.8786675867941572,0.08854489936629553,1,2,0,1,1,4,1,1,4,9,0,20.991189342866846,-5.226480199991486,-3.2521664554657055,1.7387507815003258,-0.6055367178036479,1.2743961353997655,0.06261765969124866,-0.3501038140911066
