Entropy,ATT_Tech_pca1,ATT_Tech_pca2,ATT_Tech_pca3,ATT_Tech_pca4,ATT_Tech_pca5,ATT_Tech_pca6,ATT_Tactic_pca1,ATT_Tactic_pca2,MBC_obj_pca1,MBC_obj_pca2,MBC_behave_pca1,MBC_behave_pca2,MBC_behave_pca3,MBC_behave_pca4,MBC_behave_pca5,MBC_behave_pca6,MBC_behave_pca7,namespace_persistence,namespace_linking,namespace_compiler,namespace_targeting,namespace_executable,namespace_collection,namespace_communication,namespace_load-code,namespace_anti-analysis,namespace_data-manipulation,namespace_internal,capability_pca1,capability_pca2,capability_pca3,capability_pca4,capability_pca5,capability_pca6,capability_pca7,capability_pca8
6.279096349232652,0.27236101822221714,-0.5876127857240844,-0.4828729916702118,0.38775986799955114,0.3752741504606585,-0.3903590067695,0.006269334129606063,0.8347528083604976,0.4188751766616501,-0.9741408172515442,0.2428633737870438,-0.28637625525715077,0.7765524271169129,-0.9729579242541349,-0.9756176357681932,-0.2786413283131965,-0.1394008342811873,0,2,0,0,1,0,0,1,0,0,0,-17.074744253733158,-4.9424697533177335,-1.15566544300665,3.535797878736603,-1.9110146071079774,-15.16359937530357,10.593519229336222,-9.497579288663077
